company_name,siret,vat_number,address_line_1,address_line_2,postal_code,city,country,naf_code
PASSIONNEMENT GLAMOUR,00545009300033,FR68005450093,AVENUE DES THERMES,LE PASSY,04800,GREOUX-LES-BAINS,France,77.11A
LE SYMPA SNACK,00554155200039,FR32005541552,PISTE DE L'AIGUILLE,,04260,ALLOS,France,56.10C
BIGMAT,00562003400032,FR59005620034,438 RUE ROSA LUXEMBOURG,ZAC LA BLANCHE TACHE,80450,CAMON,France,46.73A
DUBOIS,00562011700019,FR17005620117,10 RUE DE LA TANNERIE,,80100,ABBEVILLE,France,70.10Z
ETABLISSEMENTS DECAYEUX,00572078400163,FR57005720784,13 RUE DES INDUSTRIES,,77460,SOUPPES-SUR-LOING,France,25.99A
ENTREPRISE COMBA,00575038500055,FR08005750385,PL DE L'EGLISE,,04700,ORAISON,France,43.99C
HOTEL ROYAL THALASSO,00578096000026,FR68005780960,6 AVENUE PIERRE LOTI,,44500,LA BAULE-ESCOUBLAC,France,55.10Z
LE PONTON,00578096000042,FR68005780960,LA PLAGE,FACE HOTEL ROYAL,44500,LA BAULE-ESCOUBLAC,France,56.10A
CENTRE DE THALASSOTHERAPIE LA BAULE,00578096000059,FR68005780960,AVENUE MARIE-LOUISE,,44500,LA BAULE-ESCOUBLAC,France,96.04Z
TENNIS COUNTRY CLUB,00578096000067,FR68005780960,113 AVENUE DU MARECHAL DE LATTRE DE TASSIGNY,,44500,LA BAULE-ESCOUBLAC,France,93.11Z
CASTEL MARIE-LOUISE,00578096000075,FR68005780960,AVENUE HEURTEAU,,44500,LA BAULE-ESCOUBLAC,France,55.10Z
GOLF CLUB LA BAULE,00578096000083,FR68005780960,DOMAINE DE ST DENAC,,44117,SAINT-ANDRE-DES-EAUX,France,93.11Z
CIRO'S LA BAULE,00578096000109,FR68005780960,5 ESPLANADE FRANCOIS ANDRE,SUR PLAGE FACE HOTEL HERMITAGE,44500,LA BAULE-ESCOUBLAC,France,56.10A
HOTEL HERMITAGE,00578096000117,FR68005780960,5 ESP LUCIEN BARRIERE,,44500,LA BAULE-ESCOUBLAC,France,55.10Z
ACTEMIUM ABBEVILLE,00582037800031,FR79005820378,140 RUE DU CHATEAU D'EAU,ZONE INDUSTRIELLE,80100,ABBEVILLE,France,43.21A
DEMOUSELLE TERTIAIRE,00582037800239,FR79005820378,26 RUE RENE DINGEON,,80100,ABBEVILLE,France,43.21A
DEMOUSELLE SOISSONS,00582037800254,FR79005820378,LE CHEMIN VERT,BATIMENT A,02200,MERCIN ET VAUX,France,43.21A
P.A.M.M.,00592019400031,FR88005920194,RTE NATIONALE 1,ZAC DE LA HAUTE BORNE,80420,FLIXECOURT,France,46.61Z
LIBRAIRIE COOP BREIZH,00608017000076,FR60006080170,60 RUE DU PORT,,56100,LORIENT,France,47.61Z
C.A.D.D.A.C.,00628030900102,FR47006280309,2 RUE JACQUES RIBOUD,LES SIX CROIX II,44480,DONGES,France,23.63Z
BLANC RENE,00634188700039,FR93006341887,IMPASSE DE DOUVILLE,,83390,PUGET-VILLE,France,01.21Z
TRANSPORTS MORAND,00648006500025,FR49006480065,5 RUE NICOLAS APPERT,ZAC DE LA BROSSE,44400,REZE,France,49.41A
POUR ACTIVITE LOCATION TERRAIN GOLF,00658046800012,FR73006580468,CHS DE LA BRETESCHE,,44780,MISSILLAC,France,68.20B
SYMARTIN,00668021900018,FR81006680219,38 AVENUE LOUIS LAJARRIGE,,44500,LA BAULE-ESCOUBLAC,France,10.71C
SOFOP,00678051400037,FR72006780514,3 ROUTE DE LA TORSE,,44550,MONTOIR-DE-BRETAGNE,France,52.10B
OCEANIC,00678051400045,FR72006780514,130 RUE HENRI GAUTIER,SITE U2,44550,MONTOIR-DE-BRETAGNE,France,22.29B
MULTIGRAPHIC,00678051400094,FR72006780514,1 RUE D'ESTIENNE D'ORVES,ZI LA CROIX BLANCHE SITE U4,44260,MALVILLE,France,18.12Z
U5 BIS,00678051400110,FR72006780514,43 RUE BAPTISTE MARCET,,44570,TRIGNAC,France,22.19Z
SALLE DE JEUX JUGY,00684162100029,FR63006841621,PRA LOUP,LE CHENONCEAU II,04400,UVERNET FOURS,France,92.00Z
ATELIERS DE LA PROVIDENCE,00698023900021,FR78006980239,4 RUE DE L'EUROPE,2-4 RUE DE L'EUROPE - ZONE DE LA CROIX,44260,MALVILLE,France,33.20A
LA MAISON DU POELE,00705012300038,FR16007050123,25 RUE FERDINAND DE LESSEPS,ZA SAINT CHRISTOPHE,04000,DIGNE-LES-BAINS,France,47.59B
COOPERATIVE MARITIME,00708001300027,FR58007080013,2 RUE DE KER DAVID,,44490,LE CROISIC,France,46.69B
MEGALITHES,00708003900022,FR39007080039,22 LE PAQUEBOT,,44600,SAINT-NAZAIRE,France,47.77Z
LANG CONSTRUCTION,00708019500030,FR22007080195,7 RUE EUGENE CORNET,,44600,SAINT-NAZAIRE,France,43.99C
DOLMEN NANTES,00708077300158,FR10007080773,RUE DE LA BELLE ETOILE,,44470,THOUARE-SUR-LOIRE,France,23.70Z
DOLMEN RENNES PACE,00708077300182,FR10007080773,RUE JEAN HOLLIER,,35740,PACE,France,46.73A
PIERRE DE L'YONNE,00708077300232,FR10007080773,LD LES LAVIERES,,89310,MOLAY,France,23.70Z
DOLMEN PONT AVEN,00708077300240,FR10007080773,KER FUR,DOLMEN,29930,PONT-AVEN,France,46.73A
CARRIERES MEN ARVOR,00708077300356,FR10007080773,ZA DE KERVANON,,29610,PLOUIGNEAU,France,46.73A
DOLMEN DINARD,00708077300406,FR10007080773,85 RUE DE LA LIBERTE,LA COSTARDAIS,35540,MINIAC-MORVAN,France,46.73A
LE SURCOUF,00717175400026,FR92007171754,41 RUE DE RICHEBOURG,,44000,NANTES,France,68.20B
ESPACE AUTO PRESQU'ILE,00718053200041,FR42007180532,RUE DE LA BRIQUERIE,PARC DE VILLEJAMES,44350,GUERANDE,France,45.11Z
TRIGNAC AUTO,00718053200066,FR42007180532,RUE DE LA ROSELIERE,ZAC DE LA FONT AU BRUN,44570,TRIGNAC,France,45.11Z
VANNERIE DU BOISLE,00722033800037,FR53007220338,RUE DE LA BONNE DAME,MONCHAUX LES QUEND,80120,QUEND,France,47.59B
HOTEL DES BERGERS,00724204300029,FR81007242043,UVERNET,,04400,UVERNET-FOURS,France,68.20B
COUP'COUD SERVICES ARTS ET DECO,00724229000059,FR46007242290,10 RUE DU COLONEL ROUX,,05000,GAP,France,95.29Z
CHERINGTON MANAGEMENT,00727294100027,FR43007272941,7 RUE DE BIZIENNE,,44350,GUERANDE,France,47.99A
SUPER U,00728037300015,FR29007280373,54 RUE LEON BOURGEOIS,,44600,SAINT-NAZAIRE,France,47.11D
LE FIACRE,00732021100035,FR39007320211,6 RUE DES POMMIERS,HAMEAU DE ROUTHIAUVILLE,80120,QUEND,France,55.10Z
HOTEL RESTAURANT LE PROVENCE,00734156300034,FR75007341563,ROUTE DE LA MALINE,,04120,LA PALUD-SUR-VERDON,France,68.20B
GALERIE MODERNE - CATHY FLEURS,00734175300031,FR63007341753,8 PLACE DES HEROS DE RESISTANCE,,04210,VALENSOLE,France,47.78C
MINETTO MATERIAUX,00735020000072,FR87007350200,100 ROUTE DE GAP,,04200,SISTERON,France,43.12B
ROCHE VILAINE OCEAN,00738004100074,FR79007380041,17 RUE DU CLOS RIGNAC,,44350,GUERANDE,France,41.10A
VILLEO,01545063800075,FR88015450638,21 RUE ROUGET DE LISLE,,71300,MONTCEAU-LES-MINES,France,68.20A
LA BRIOCHE DOREE,01545121400041,FR70015451214,52 AVENUE DU CANADA,,35200,RENNES,France,70.10Z
EIFFAGE CONSTRUCTION COTE D'OR,01545141200025,FR82015451412,4 RUE LAVOISIER,,21600,LONGVIC,France,41.20B
EIFFAGE CONSTRUCTION FRANCHE COMTE,01545141200058,FR82015451412,10 RUE DU VALLON,,25480,ECOLE-VALENTIN,France,41.20B
EIFFAGE CONSTRUCTION SAONE ET LOIRE,01545141200074,FR82015451412,ZA LA TUILERIE,,71640,DRACY-LE-FORT,France,41.20B
EIFFAGE CONSTRUC. BOURGOGNE FRANCHE COMTE SUPPORT,01545141200082,FR82015451412,4 RUE LAVOISIER,1ER ETAGE,21600,LONGVIC,France,41.20B
EIFFAGE CONSTRUCTION BOURGOGNE FRANCHE COMTE AMEL,01545141200090,FR82015451412,4 RUE LAVOISIER,CS 80031 - 21604 LONGVIC CEDEX,21600,LONGVIC,France,41.20B
LE CINTRA - L'ADAGIO,01555034600017,FR64015550346,13 AVENUE MARECHAL FOCH,,21000,DIJON,France,56.10A
LA TRATTORIA,01555034600025,FR64015550346,CENTRE COMMERCIAL LA CROISETTE,STATION LES MENUIRES,73440,LES BELLEVILLE,France,56.10A
FAMILLE CHERON / HERITIERS MISSET CHERON,01555065000046,FR06015550650,2459 ROUTE DE VAISON,,84190,VACQUEYRAS,France,46.34Z
TERROIRS DE FAMILLE,01555065000061,FR06015550650,2459 ROUTE DE VAISON,,84190,VACQUEYRAS,France,46.34Z
CHENOVE,01555088200110,FR23015550882,9 RUE ANTOINE BECQUEREL,,21300,CHENOVE,France,45.31Z
AUTO DISTRIBUTION JULLIEN,01555088200227,FR23015550882,ZAC DES PLATIERES,,71000,SANCE,France,45.31Z
AUTODISTRIBUTION COLARD,01555088200284,FR23015550882,22 AVENUE D'ALTKIRCH,,90000,BELFORT,France,45.31Z
AUTODISTRIBUTION COLARD,01555088200318,FR23015550882,13 RUE DU DOCTEUR GRENIER,,25300,PONTARLIER,France,45.31Z
AUTODISTRIBUTION COLARD,01555088200326,FR23015550882,14 BOULEVARD JOHN F. KENNEDY,,25000,BESANCON,France,45.31Z
AD COLARD,01555088200508,FR23015550882,24 AVENUE JEAN JAURES,,25400,AUDINCOURT,France,45.31Z
"HERBEMONT, AD, OREXAD.",01555088200631,FR23015550882,RUE ST EXUPERY,,55100,VERDUN,France,45.31Z
HERBEMONT,01555088200714,FR23015550882,17 RUE PAULIN RICHIER,,08000,CHARLEVILLE-MEZIERES,France,45.31Z
AUTODISTRIBUTION JULLIEN,01555088200789,FR23015550882,GRANDES EPENOTTES,,39100,DOLE,France,45.31Z
ASM,01555088200839,FR23015550882,20 RUE NICOLAS APPERT,,51430,TINQUEUX,France,45.31Z
AUTODISTRIBUTION JULLIEN,01555088200854,FR23015550882,9 RUE PAUL SABATIER,,71100,CHALON-SUR-SAONE,France,45.31Z
HERBEMONT,01555088200862,FR23015550882,2 ROUTE DE REIMS,LIEUDIT LES GRANDS PRES,55000,FAINS-VEEL,France,45.31Z
GADEST,01555088200888,FR23015550882,CHE DE VOITRELLE,,51470,SAINT-MEMMIE,France,45.31Z
HERBEMONT,01555088200896,FR23015550882,AV DU BOIS LEGRAS,,51300,VITRY LE FRANCOIS,France,45.31Z
AUTODISTRIBUTION JULLIEN,01555088200904,FR23015550882,21 BOULEVARD THIERS,,52000,CHAUMONT,France,45.31Z
HERBEMONT,01555088200912,FR23015550882,77 AVENUE ALFRED ANATOLE THEVENET,,51530,MAGENTA,France,45.31Z
AUTODISTRIBUTION HERBEMONT,01555088200920,FR23015550882,67 AVENUE DU GENERAL SARRAIL,,52100,SAINT-DIZIER,France,45.31Z
AUTODISTRIBUTION JULLIEN - AUTO PIECES,01555088200938,FR23015550882,16 BD DES ABATTOIRS,,71210,TORCY,France,45.31Z
AUTODISTRIBUTION HERBEMONT - AUTO PIECES SERVICES,01555088200946,FR23015550882,AVENUE DU CHENE SAINT AMAND,ZAC DU CH,52100,SAINT-DIZIER,France,45.31Z
ENT. DE MENUISERIE A. MUGNIER,01555140100035,FR28015551401,25 RUE DE L’INGENIEUR BERTIN,,21600,LONGVIC,France,43.32A
FREDERIC MUGNIER,01555145000065,FR78015551450,PASSAGE MONTGOLFIER,,21700,NUITS-SAINT-GEORGES,France,66.30Z
GROUPE CHOPARD,01555166600058,FR47015551666,11 RUE PAUL LANGEVIN,,21300,CHENOVE,France,45.40Z
LEJAY LAGOUTE - APERCADI,01565003900041,FR92015650039,5 RUE ETIENNE DOLET,,21000,DIJON,France,11.01Z
EDMOND BRIOTTET -JULES THEURIET - COMPTOIR DIJONNAIS DU CASSIS,01565028600014,FR57015650286,12 RUE BERLIER,,21000,DIJON,France,11.01Z
L'ALCOVE,01565092200048,FR25015650922,270 RUE DE LA PIECE CORNUE,,21160,MARSANNAY-LA-COTE,France,47.59A
DEMENAGEMENTS D. FRANTZ,01565100300046,FR74015651003,RUE AU BOUCHET,,21000,DIJON,France,66.30Z
LA CLE DE SOL - LE SHOP DU SON,01565120100038,FR86015651201,2 BOULEVARD DU CHAMP AUX METIERS,,21800,QUETIGNY,France,47.59B
HOTEL DARCY DIJON CENTRE,01565125000019,FR39015651250,2 RUE DE LA LIBERTE,,21000,DIJON,France,56.10A
COOP HABITAT BOURGOGNE,01575074800046,FR64015750748,69 AVENUE BOUCICAUT,,71100,CHALON-SUR-SAONE,France,41.10A
LA TABLE DE PIERRE BOUREE,01575096100037,FR24015750961,40 ROUTE DE BEAUNE,,21220,GEVREY-CHAMBERTIN,France,47.25Z
NEOTYPO,01575111800033,FR10015751118,1 RUE LAVOISIER,,25000,BESANCON,France,18.12Z
FABRICE GILLOTTE,01575114200017,FR82015751142,21 RUE DU BOURG,,21000,DIJON,France,10.82Z
FABRICE GILLOTTE,01575114200033,FR82015751142,ZA DE BEAUREGARD LES ROSIERES,,21490,NORGES-LA-VILLE,France,10.82Z
FABRICE GILLOTTE CREATEUR CHOCOLATIER,01575114200041,FR82015751142,33 RUE CARNOT,,21200,BEAUNE,France,10.82Z
FABRICE GILLOTTE,01575114200058,FR82015751142,34 RUE DES GRANGES,,25000,BESANCON,France,10.82Z
BEURRE NOISETTE,01575114200066,FR82015751142,50 RUE DU BOURG,,21000,DIJON,France,10.71D
MULOT ET PETITJEAN,01575153000054,FR82015751530,6 BOULEVARD DE L'OUEST,,21000,DIJON,France,10.72Z
GODARD,01575266000066,FR77015752660,24 RUE ANTOINE BECQUEREL,,21300,CHENOVE,France,38.31Z
GRAND HOTEL DE LA CLOCHE,01575304900012,FR80015753049,2 AVENUE DE LA 1ERE ARMEE FRANCAISE,,21000,DIJON,France,55.10Z
SAEGB,01575398100016,FR63015753981,14 RUE DE CLUJ,,21000,DIJON,France,11.01Z
MEPHISTO,01575462500034,FR55015754625,7 RUE FRANCOIS RUDE,,21000,DIJON,France,47.72A
SIPA,01585028200029,FR03015850282,15 RUE DU MOULIN,,21120,MARCILLY-SUR-TILLE,France,35.11Z
AGIR TECHNOLOGIES - AGIR TECH - RIVOM - MOUTON - GMA,01585094400016,FR49015850944,RUE DE LA JUSTICE,,21220,GEVREY-CHAMBERTIN,France,25.73B
JOLICAPRICE,01585158700061,FR38015851587,CENTRE COMMERCIAL LA TOISON D'OR,144 ALL DES DUCS DE BOURG.,21000,DIJON,France,47.72B
JOLICAPRICE,01585158700079,FR38015851587,36 RUE DES FORGES,,21000,DIJON,France,47.72B
G. DORAS SERVICES,01585179300032,FR74015851793,7 RUE GAY LUSSAC,,21300,CHENOVE,France,82.99Z
DORAS,01585179300040,FR74015851793,19 RUE FRANCOIS MITTERRAND,,21120,IS-SUR-TILLE,France,46.73A
DORAS,01585179300057,FR74015851793,15 RUE ANTOINE BECQUEREL,PLATEFORME DE CHENOVE,21300,CHENOVE,France,46.73A
DORAS,01585179300065,FR74015851793,ZI ROUTE DE DIJON,,21500,FAIN-LES-MONTBARD,France,46.73A
DORAS,01585179300081,FR74015851793,20 RUE DE MAYENCE,,21000,DIJON,France,46.73A
DORAS,01585179300131,FR74015851793,3 RUE CHARLES ANDRE REMI ARNOULT,,21700,NUITS-SAINT-GEORGES,France,46.73A
DORAS,01585179300149,FR74015851793,Z I L'ECHELOTTE,,21170,SAINT-USAGE,France,46.73A
DORAS,01585179300164,FR74015851793,539 RUE DES ESSARDS,,71000,MACON,France,46.73A
DORAS,01585179300172,FR74015851793,11 RUE DES GRIOTTONS,,71250,CLUNY,France,46.73A
DORAS,01585179300180,FR74015851793,6 LA TERRE DES MOTTES,,71130,GUEUGNON,France,46.73A
DORAS,01585179300206,FR74015851793,78 AVENUE GEORGES CLEMENCEAU,,25000,BESANCON,France,46.73A
DORAS,01585179300248,FR74015851793,ZI LES MOUILLIERES,,52600,CHALINDREY,France,46.73A
DORAS,01585179300255,FR74015851793,18 RUE LOUIS PERGAUD,,25300,PONTARLIER,France,46.73A
DORAS,01585179300271,FR74015851793,16 ROUTE DE VILLENEUVE,ZONE INDUSTRIELLE DE L'ETHOLE,39600,ARBOIS,France,46.73A
DORAS,01585179300289,FR74015851793,52 ROUTE DE SAINT-LOUP,,70000,VESOUL,France,46.73A
DORAS,01585179300305,FR74015851793,RUE DE LA COMBE TETE AU LOUP,,21400,SAINTE-COLOMBE-SUR-SEINE,France,46.73A
DORAS,01585179300313,FR74015851793,9 RUE DU CHAMP DU MOULIN,DORAS ZAC DE LA PRUSSE,25200,BETHONCOURT,France,46.73A
DORAS,01585179300339,FR74015851793,RTE DE MENETREOL,,18300,SAINT-SATUR,France,46.73A
DORAS,01585179300347,FR74015851793,47 RUE DES ABATTOIRS,,71200,LE CREUSOT,France,46.73A
DORAS,01585179300370,FR74015851793,PORT FLUVIAL SUD,,71380,SAINT-MARCEL,France,46.73A
DORAS,01585179300396,FR74015851793,4 RUE SAINTE ELISABETH,,71300,MONTCEAU-LES-MINES,France,46.73A
DORAS,01585179300404,FR74015851793,ROUTE DE MOULINS,LES SABLES,58300,DECIZE,France,46.73A
DORAS,01585179300412,FR74015851793,ROUTE DE CHATILLON,,58290,MOULINS-ENGILBERT,France,46.73A
DORAS,01585179300420,FR74015851793,AVENUE DU 8 MAI 1945,,58800,CORBIGNY,France,46.73A
DORAS,01585179300438,FR74015851793,LA SABLIERE,,58000,SAINT ELOI,France,46.73A
DORAS,01585179300453,FR74015851793,2 ALLEE DES ENTREPRENEURS,,58200,COSNE-COURS-SUR-LOIRE,France,46.73A
DORAS LOCOUTI,01585179300461,FR74015851793,6 RUE ANTOINE BECQUEREL,BATIMENT LOCOUTI,21300,CHENOVE,France,77.32Z
CAREO,01585179300511,FR74015851793,7 RUE GAY LUSSAC,,21300,CHENOVE,France,46.73A
DORAS,01585179300529,FR74015851793,RUE VERNIER ET COLLOT,ZAE SABINUS,52200,LANGRES,France,46.73A
DORAS,01585179300545,FR74015851793,476 RUE ANDRE MARIE AMPERE,ZAC PORTE DE BEAUNE,21200,BEAUNE,France,46.73A
CAREO,01585179300552,FR74015851793,41 RUE DES PAQUERETTES,ZA GUILLAUME HORY,70300,LUXEUIL-LES-BAINS,France,46.73A
CAREO,01585179300560,FR74015851793,6 QUAI DE LA JONCTION,,58000,NEVERS,France,46.73A
DORAS,01585179300628,FR74015851793,25 FAUBOURG D'EPINAL,ZA DE BECHAMP,88200,REMIREMONT,France,46.73A
DORAS,01585179300685,FR74015851793,9 RTE DE BESANCON,,25290,ORNANS,France,46.73A
DORAS,01585179300743,FR74015851793,PRE LION,ZA ACTIPARC,01190,BOZ,France,46.73A
DORAS,01585179300826,FR74015851793,ZA CHARRIERE,,70190,RIOZ,France,46.73A
DORAS,01585179300834,FR74015851793,56 RUE DE LA BRETONNIERE,,71350,CIEL,France,46.73A
DORAS,01585179300875,FR74015851793,RUE BENJAMIN FRANKLIN,POLE TRANSPORT NORD EST ZA CHARRIERE,70190,RIOZ,France,52.29B
DORAS BRETHENAY,01585179300883,FR74015851793,19 ROUTE DEPARTEMENTALE 200,,52000,BRETHENAY,France,46.73A
DORAS MENEO,01585179300917,FR74015851793,28 AVENUE DE MARBOZ,,01000,BOURG-EN-BRESSE,France,46.73A
DORAS,01585179300925,FR74015851793,2 ZA LA TUILERIE,PORTE B,71640,DRACY-LE-FORT,France,46.73A
DORAS,01585179300933,FR74015851793,2 ZA LA TUILERIE,PORTE A,71640,DRACY-LE-FORT,France,46.73A
CLAUDE MATERIAUX,01585179300958,FR74015851793,22 RTE DEPARTEMENTALE 606,ZONE ARTISANALE,89270,ARCY-SUR-CURE,France,46.73A
MARTIN CARRELAGE,01585179300974,FR74015851793,RUE DE L’ECLUSE,,10800,SAINT-THIBAULT,France,46.73A
MPPI,01585179300982,FR74015851793,15 RUE ANTOINE BECQUEREL,,21300,CHENOVE,France,46.73A
CAREO,01585179300990,FR74015851793,5 RUE DE LA GUERLANDE,,71880,CHATENOY-LE-ROYAL,France,46.73A
MENEO,01585179301006,FR74015851793,19 ROUTE DEPARTEMENTALE 200,PORTE B,52000,BRETHENAY,France,46.73A
DORAS,01585179301030,FR74015851793,21 RUE MALGRAS,,52100,SAINT-DIZIER,France,46.73A
DORAS,01585179301048,FR74015851793,9 RUE DES LIBELLULES,,25110,BAUME-LES-DAMES,France,46.73A
MPPI,01585179301105,FR74015851793,42 RUE PASTEUR,,10430,ROSIERES-PRES-TROYES,France,46.73A
MPPI,01585179301113,FR74015851793,2 RUE DE LA FOUGERE,,88150,CHAVELOT,France,46.73A
RIDEL SA,01587102300030,FR49015871023,38 RUE DE FLANDRE,ZAC DU PAYS DE BRAY,76270,NEUFCHATEL-EN-BRAY,France,28.99B
BOURGOGNE HABITAT - LE TOIT BOURGUIGNON,01595001700069,FR60015950017,45 AVENUE DU DRAPEAU,,21000,DIJON,France,41.20B
SAS ZAEGEL OENOLOGIE,01595064500059,FR04015950645,6 RUE CHARDONNAY,ZAC DU PRE FLEURY,21190,CHASSAGNE-MONTRACHET,France,46.69C
LA TOUR D'AUXOIS,01605002300049,FR57016050023,SQ ALEXANDRE DUMAINE,,21210,SAULIEU,France,55.10Z
SONOFEP JARDINERIE,01605044500010,FR62016050445,14 RUE BASSE,,21910,SAULON-LA-RUE,France,47.76Z
SOCIETE EST METROPOLES,01615041900089,FR60016150419,8 RUE MARCEL DASSAULT,,21000,DIJON,France,41.10B
LE BOIS HULIN,01617092000025,FR65016170920,AGNIERES,,80290,HESCAMPS,France,02.10Z
DIRECTION REGION EXPLOITATION BOURGOGNE,01625002900275,FR33016250029,ROUTE DE VERDUN,,21200,BEAUNE,France,52.21Z
DIR REG ALSACE FR.COMTE DIST. BESANCON,01625002900572,FR33016250029,RUE DE L'IF,,25480,ECOLE-VALENTIN,France,52.21Z
DISTRICT DE DOLE,01625002900622,FR33016250029,CHEMIN BLANC,,39100,AUTHUME,France,52.21Z
DISTRICT DE VILLEFRANCHE-LIMAS,01625002900655,FR33016250029,21 AVENUE EDOUARD HERRIOT,,69400,VILLEFRANCHE-SUR-SAONE,France,52.21Z
DISTRICT DE LEVET,01625002900796,FR33016250029,CHAMPS DES SABLES,,18340,LEVET,France,52.21Z
DISTRICT DE MONTARGIS,01625002901000,FR33016250029,LE TOURNEAU,GARE DE PEAGE,45700,PANNES,France,52.21Z
APRR,01625002901216,FR33016250029,11 PLACE DE L’EUROPE,,78140,VELIZY-VILLACOUBLAY,France,52.21Z
APRR,01625002901224,FR33016250029,RTE DE L'ECLUSE,,03290,DOMPIERRE-SUR-BESBRE,France,52.21Z
CHARMY - DOMAINE DE CHARMY - COMTE GAETAN DE CHARMY,01625008600077,FR10016250086,11 COUR AU MOTET,,21121,ETAULES,France,46.34Z
HAIER FRANCE,01625010200163,FR58016250102,53 BOULEVARD ORNANO,,93200,SAINT-DENIS,France,46.43Z
MAISON MILLIERE,01635031600028,FR00016350316,10 RUE DE LA CHOUETTE,10-12-14,21000,DIJON,France,56.10A
ETABLISSEMENTS GUERARD,01638003200058,FR05016380032,RUE AMPERE,ZONE INDUSTRIEL,76550,OFFRANVILLE,France,46.61Z
JULIEN MACK,01645029800019,FR22016450298,5 RUE JEAN MOULIN,ZONE INDUSTRIELLE,21160,COUCHEY,France,10.13A
BBV BETON DU BEC A VENT,01655086500105,FR53016550865,RUE DE CRAMONT,ZI DU BEC A VENT,21400,CHATILLON-SUR-SEINE,France,23.63Z
PACOTTE ET MIGNOTTE,01665011100103,FR01016650111,RUE METEORE,,25480,MISEREY-SALINES,France,43.32A
A SUPPRIMER : ROTISSERIE DU CHAMBERTIN,01665046700018,FR02016650467,RTE DES GRANDS CRUS,,21220,GEVREY-CHAMBERTIN,France,68.20B
FAREVA SPPH,01665059000017,FR80016650590,7 IMPASSE DES BOUSSENOTS,,21800,QUETIGNY,France,20.42Z
DEMAVIC DEPART DIET,01675050700051,FR04016750507,6 RUE DU PROFESSEUR LOUIS NEEL,,21600,LONGVIC,France,46.46Z
DEXIS,01675055600041,FR54016750556,44 RUE DE LONGVIC,,21300,CHENOVE,France,46.69B
CODIMEC,01675055600082,FR54016750556,RUE DES MAURAPANS,ZAC DE VALENTIN,25870,CHATILLON-LE-DUC,France,46.69B
BRIE FGI,01675055600116,FR54016750556,RUE SAINT-SAUVEUR DES VIGNES,ZI DES VAUGUILLETTES,89100,SENS,France,46.69B
ACM,01675055600140,FR54016750556,8 RUE DES TAILLES,,25770,FRANOIS,France,46.69B
CTB CHOFFEL ELECTRONIQUE,01675055600215,FR54016750556,29 RUE DU RANG DE VESEAUX,,88200,SAINT-NABORD,France,46.69B
ETS J. VIRLY,01675069700126,FR89016750697,RUE DE MADRID,ZA DU MACHERIN,89470,MONETEAU,France,46.69B
ACYCLEA - AUTO CASSE,01675077000063,FR17016750770,3 CLAIRVOT,,21850,SAINT-APOLLINAIRE,France,38.32Z
AGENCE REPUBLIQUE IMMOBILIER,01675092900065,FR09016750929,19 RUE FAGON,,21700,NUITS-SAINT-GEORGES,France,68.31Z
AGENCE REPUBLIQUE,01675092900073,FR09016750929,6 PL DES TROIS SAFFRES,,21121,FONTAINE-LES-DIJON,France,68.31Z
AGENCE REPUBLIQUE IMMOBILIER,01675092900081,FR09016750929,1 RUE DU DAUPHINE,IMMEUBLE LE STRATEGE,21121,FONTAINE-LES-DIJON,France,68.31Z
CINEMA OLYMPIA,01695041200029,FR65016950412,16 AVENUE MARECHAL FOCH,,21000,DIJON,France,59.14Z
RELIURE RETIERE BOCCARD,01695082600046,FR46016950826,9 RUE DES ECOLES,,21160,MARSANNAY-LA-COTE,France,18.14Z
ORALIA SICOV & OPTIM,01695093300065,FR76016950933,3 RUE DE LA POSTE,3-5,21000,DIJON,France,68.31Z
LIRELEC,01705066700298,FR33017050667,3 RUE DE CLUJ,,21000,DIJON,France,42.21Z
BEUVAIN MONTAGE,01708006000027,FR39017080060,RUE DES PIERRES,ZA LES CHAMPS DOLENTS,60000,BEAUVAIS,France,43.99B
PAPETERIES DE DIJON,01715028500066,FR30017150285,100 TERRASSE BOIELDIEU,100-101,92800,PUTEAUX,France,17.21B
FAGOT IMMOBILIER,01715094700046,FR76017150947,4 RUE DE LA POSTE,,25370,LES HOPITAUX-NEUFS,France,68.31Z
ETC,01715120000544,FR59017151200,17 RUE JULES RENARD,,58500,CLAMECY,France,69.20Z
ECOFIS,01715120000593,FR59017151200,2 RUE DES GRANDS JARDINS,,58000,NEVERS,France,69.20Z
FIDECA,01715120000601,FR59017151200,RUE DE LA MAISON GARNIER,PARC D ENTREPRISES DES ORMEAUX,77130,MONTEREAU-FAULT-YONNE,France,69.20Z
LE CENTRE COMPTABLE,01715120000668,FR59017151200,25 RUE DU DOCTEUR ROBERT,,21400,CHATILLON-SUR-SEINE,France,69.20Z
COMPTA SERVICE,01715120000676,FR59017151200,1 PLACE DU CHAMP DE FOIRE,,58300,DECIZE,France,69.20Z
AU ROI DES PATES,01724351000025,FR54017243510,16 RUE QUENTIN,,21000,DIJON,France,68.20B
ROI DES PATES,01724351000066,FR54017243510,AVENUE DU 14 JUILLET,,21300,CHENOVE,France,68.20B
POMPES FUNEBRES MEURDRA,01735014100036,FR41017350141,18 RUE DE LA REDOUTE,,21850,SAINT-APOLLINAIRE,France,96.03Z
AUDIT GESTION CONSEIL,01735137000113,FR42017351370,8 RUE JACQUES GERMAIN,,21420,SAVIGNY-LES-BEAUNE,France,69.20Z
CTIM CROIX DE MARBRE,01978753000013,FR57019787530,27 RUE DE FRANCE,,06000,NICE,France,81.10Z
MAINTENANCE INDUSTRIELLE MAHORAISE,02403651900031,FR60024036519,LONGONI,LONGONI KOUNGOU,97600,KOUNGOU,France,28.11Z
TAXI BARAKA,02403660000021,FR12024036600,17 RUE WEMANI,VAHIBE,97600,MAMOUDZOU,France,49.32Z
SUD CONSTRUCTION,02403701200036,FR84024037012,6 RUE IBRAHIM OILI,MZOUAZIA,97620,BOUENI,France,43.99C
PRO BATIMENT,02403723600015,FR77024037236,13 RUE BANDRAJOU,M'TSAHARA,97630,MTSAMBORO,France,43.99C
INVEST CONSULTING MAYOTTE REUNION (ICMR),02403727700035,FR06024037277,28 CHEMIN DE LA CITERNE,BRAS DE PONTHO,97430,LE TAMPON,France,46.13Z
MAGASIN MASSOULAHA,02403735000014,FR31024037350,PL DU MARCHE COUVERT,BOXE K 14,97600,MAMOUDZOU,France,47.82Z
CYBER IDEALE,02403753300023,FR95024037533,9 RUE TENNIS,LABATTOIR,97615,DZAOUDZI,France,62.01Z
LA BARQ FRUITEE,02403796200024,FR24024037962,137 CHEMIN DES FOUGERES,PALMISTE ROUGE,97413,CILAOS,France,47.81Z
OCCAS'AUTO,02403801000021,FR71024038010,RUE DU BOURG BESNIER,,44810,LA CHEVALLERAIS,France,45.32Z
GAZONS MAYOTTE SERVICES VERTS,02403807700020,FR78024038077,RES LES PORTES DU LAGON 3 PORTE A06,LOT LES HAUTS VALLONS,97600,MAMOUDZOU,France,81.30Z
LIGDAMIS FILS,02403808500015,FR05024038085,92 BOULEVARD DENIS ROBIN,OUANGANI,97670,OUANGANI,France,81.30Z
TRANSPORT CHADHULI,02403826700027,FR66024038267,37 RUE DE LA CARRIERE COLAS,MTSAPERE,97600,MAMOUDZOU,France,49.39A
CAP MAY,02403853100026,FR82024038531,1 IMPASSE DES BANIANS,CHE MARTIN FLACOURT,97438,SAINTE-MARIE,France,41.10A
HAVANA CAFE,02403950500011,FR94024039505,RTE NATIONALE,ZI KAWENI,97600,MAMOUDZOU,France,56.10A
EDIFICOM,02403981000015,FR39024039810,115 RUE BANDARISSALAMA,HAMOURO,97660,BANDRELE,France,43.99C
MISTRA CONSTRUCTION,02404003200021,FR26024040032,18 RUE KAKAL CHEZ HAROUNA SAID,KAWENI,97600,MAMOUDZOU,France,33.20A
ALIZE CONSEIL REUNION,02404010700021,FR57024040107,1 CHEMIN DU TRIANGLE AUSTRAL,,97419,LA POSSESSION,France,41.20B
MAGASIN SAYDA BOUTIQUE,02404014900015,FR86024040149,24 RTE DE VAHIBE,PASSAMAINTY,97600,MAMOUDZOU,France,47.11B
DALI,02404052900026,FR62024040529,RUE DU COLLEGE,QUARTIER KAVANI,97625,KANI-KELI,France,47.19B
E.D.T.S. 2000,02404058600018,FR39024040586,QUA QUARTIER CAVANI,CHICONI,97670,CHICONI,France,43.21A
M.B.T.G,02404063600011,FR92024040636,QUA 100 VILLAS,POROANI,97620,CHIRONGUI,France,41.20B
OMAN-SHOP,02404076800012,FR03024040768,5 RUE DU STADE,,97615,PAMANDZI,France,47.71Z
JOUONGOUNI,02404083400020,FR07024040834,70 RTE NATIONALE KAWENI,KAWENI,97600,MAMOUDZOU,France,43.99C
C.E.M,02404098200027,FR63024040982,ZI KAWENI,KAWENI,97600,MAMOUDZOU,France,43.91A
CHAMASSI TRANSPORT,02404135200030,FR09024041352,20 IMPASSE BOINOIRIJOU,,97660,BANDRELE,France,49.39A
AGT DISTRIBUTION,02404142800012,FR43024041428,16 IMPASSE BABAN ADZOUDZOU,POROANI,97620,CHIRONGUI,France,47.11B
HILA CARRELAGE,02404152700011,FR49024041527,28 RUE M'ROWAHANDRA,MTSAPERE,97600,MAMOUDZOU,France,41.20A
TRANSPORT SALAMA,02404198000012,FR50024041980,89 RUE CENTRALE -KAWENI,,97600,MAMOUDZOU,France,49.41B
LE CHOIZIL,02404203800018,FR30024042038,QUA ANFASSIGNI,HAMJAGO,97630,MTSAMBORO,France,56.10A
E.M.P.H,02404223600018,FR42024042236,HANDREMA,,97650,BANDRABOUA,France,23.32Z
ENTREPRISE ALIMENTATION GENERALE,02404223600026,FR42024042236,16 LOT SIM,MIRERENI,97680,TSINGONI,France,47.11B
MARCHANDISE RAYISI,02404304400023,FR41024043044,16 RUE KALAKATSANI,,97625,KANI-KELI,France,47.11B
LAUDIS,02404345700027,FR19024043457,ROUTE DE LA SPPM,KAWENI,97600,MAMOUDZOU,France,45.20A
EUROLEC.COM,02404377000023,FR85024043770,12 RUE MARINDRINI,MAMOUDZOU,97600,MAMOUDZOU,France,43.21A
AYIROUZ DISTRIBUTION,02404385300035,FR43024043853,2 RUE SALIMA MDAHOMA,MRONABEJA,97625,KANI-KELI,France,47.11B
SONELOC,02404391100015,FR23024043911,34 RUE DES JARDINS,PAMANDZI,97615,PAMANDZI,France,43.22B
S.CHAR,02404397800030,FR30024043978,3 RUE BEAU REGARD,MZOUAZIA,97620,BOUENI,France,45.20A
SAINDOU SAINDOU IBRAHIM ET FILS,02404397800048,FR30024043978,CHIRONGUI,,97620,CHIRONGUI,France,01.22Z
TRANSIT DES ILES,02404461200026,FR89024044612,13 RUE WASTOI,KAWENI,97600,MAMOUDZOU,France,52.29B
BOULANGERIE BARAKA M'FILAOUNI,02404494300025,FR15024044943,COMBANI,,97680,TSINGONI,France,10.71C
MAGASIN DES ILES,02404569200035,FR31024045692,05 RUE MOSQUEE NGUIZI,MTSAPERE,97600,MAMOUDZOU,France,47.11B
BELAY ARC EN CIEL MAYOTTE EIRL,02404673200020,FR47024046732,9 RUE FAF BANDRAHARI,PAMANDZI,97615,PAMANDZI,France,43.34Z
TSARA BOUTIQUE,02404687200024,FR79024046872,24 RUE SOULAIMANA GAU,MRONABEJA,97625,KANI-KELI,France,47.11B
CAR CENTRE,02404706000058,FR61024047060,RTE NATIONALE MTSAPERE,DOUJANI 2 ROND POINT DE COLAS,97600,MAMOUDZOU,France,45.32Z
BABE FAMILY'S MULTI BUSINESS,02404741700019,FR65024047417,99 ESCALIER BICHIDA,HAMJAGO,97630,MTSAMBORO,France,56.10C
LE PETIT MOYA,02404781300019,FR89024047813,10 RUE DECASE,,97615,PAMANDZI,France,53.20Z
SAIFA,02404792000020,FR22024047920,5 LOT BONOVO,MTSAPERE,97600,MAMOUDZOU,France,45.32Z
HANUMAN INDUSTRIE,02404800100028,FR71024048001,58 IMPASSE MAMALE,VALLEE II LONGONI,97600,KOUNGOU,France,52.10B
ATIMAMIED,02404836500035,FR96024048365,58 RUE DE LA MAIRIE,,97615,PAMANDZI,France,52.29B
MAECHA CONSTRUCTION,02404876100035,FR23024048761,10 LOT COTE PLAGE,ILONI,97660,DEMBENI,France,43.39Z
DOUKA BE,02404912400027,FR45024049124,QUARTIER MARINDRINI GNAMBOTITI,PASSAMAINTI,97600,MAMOUDZOU,France,47.11B
DOUKA BE MANGROVE KAWENI,02404912400035,FR45024049124,RTE NATIONALE,KAWENI,97600,MAMOUDZOU,France,47.11C
DOUKA BE PLACE DU MARCHE,02404912400050,FR45024049124,PL DU MARCHE,,97600,MAMOUDZOU,France,47.11D
CARREFOUR MARKET PETITE-TERRE,02404912400068,FR45024049124,RTE DES BADAMIERS,LABATTOIR,97615,PAMANDZI,France,47.11D
DOUKA BE COMBANI,02404912400076,FR45024049124,COMBANI,,97680,TSINGONI,France,47.11C
DOUKA BE,02404912400084,FR45024049124,20 RUE PPF,CHEMBENYOUMBA,97650,M'TSANGAMOUJI,France,47.11C
DOUKA BE KANI KELI,02404912400092,FR45024049124,RTE DU DISPENSAIRE,,97625,KANI-KELI,France,47.11C
DOUKA BE BANDRELE,02404912400100,FR45024049124,QUARTIER KARDJAVINZA,,97660,BANDRELE,France,47.11C
DOUKA BE LABATTOIR,02404912400118,FR45024049124,29 RUE DU COMMERCE,LABATTOIR,97615,DZAOUDZI,France,47.11B
JUMBO SCORE,02404912400142,FR45024049124,RN1 HAMAHA,KAWENI,97600,MAMOUDZOU,France,47.11F
DOUKA BE ILONI,02404912400159,FR45024049124,RUELLE DU DISPENSAIRE,ILONI,97660,DEMBENI,France,47.11C
DOUKA BE CHIRONGUI,02404912400167,FR45024049124,RTE NATIONALE 3,,97620,CHIRONGUI,France,47.11B
DOUKA BE TSOUNDZOU 2,02404912400175,FR45024049124,ROUTE NATIONALE 2,TSOUNDZOU 2,97600,MAMOUDZOU,France,47.11C
DOUKA BE MTSAPERE,02404912400183,FR45024049124,17 RUE MOSQUEE ANJOUANAISE,MTSAPERE,97600,MAMOUDZOU,France,47.11B
DOUKA BE MZOUAZIA,02404912400191,FR45024049124,RUE DU DISPENSAIRE,MZOUAZI,97620,BOUENI,France,47.11C
DOUKA BE ACOUA,02404912400209,FR45024049124,RUE DU PLATEAU POLYVALENT,,97630,ACOUA,France,47.11C
DOUKA BE KOUNGOU,02404912400217,FR45024049124,15 RUE BUREAU CADI,,97600,KOUNGOU,France,47.11C
DOUKA BE TSINGONI,02404912400225,FR45024049124,RUE DE LA MAIRIE,,97680,TSINGONI,France,47.11C
DOUKA BE MTSANGAMBOU,02404912400233,FR45024049124,263 RUE DE L’AVENIR,MTSANGAMBOUA,97650,BANDRABOUA,France,47.11C
DOUKA BE BOUENI,02404912400241,FR45024049124,17 BOULEVARD DES TORTUES,,97620,BOUENI,France,47.11C
DOUKA BE LONGONI,02404912400258,FR45024049124,RTE NATIONALE 1,QUARTIER 1 MNADZI MOJA LONGONI,97600,KOUNGOU,France,47.11C
DOUKA BE DE TSARARANO,02404912400266,FR45024049124,RUE GENERAL DU CHARLES DE GAULLE,TSARARANO,97660,DEMBENI,France,47.11C
DOUKA BE,02404912400274,FR45024049124,2 RUE TERRAIN BASKET,DOUJANI 1,97600,MAMOUDZOU,France,47.11B
DOUKA BE,02404912400282,FR45024049124,QUARTIER JIVA AN53 NUM 5588,,97630,MTSAMBORO,France,47.11C
DOUKA BE,02404912400290,FR45024049124,QUARTIER HAMOITSIYONI,,97640,SADA,France,47.11B
DOUKA BE MANDZARSOUA,02404912400316,FR45024049124,3 RUE MANDZARSOUA,MTSAPERE,97600,MAMOUDZOU,France,47.11B
DOUKA BE BARAKANI,02404912400324,FR45024049124,3 RLE MCHELIBO BARAKANI,,97670,OUANGANI,France,47.11C
DOUKA BE VAHIBE,02404912400332,FR45024049124,5 RUE HARONOPHE A VAHIBE,,97600,MAMOUDZOU,France,47.11B
DOUKA BE PAMANDZI,02404912400340,FR45024049124,14 BOULEVARD MARCEL HENRY,,97615,PAMANDZI,France,47.11B
DOUKA BE HAUTS VALLONS,02404912400357,FR45024049124,28 RES LES PORTES DU LAGON,28-29-31 LOTISSEMENT LES HAUTS VALLONS,97600,MAMOUDZOU,France,47.11B
DOUKA BE CHICONI,02404912400365,FR45024049124,RUE DE LA MAIRIE,SUR LA PARCELLE AI 747,97670,CHICONI,France,47.11B
DOUKA BE CAVANI,02404912400373,FR45024049124,RUE DE LA BRIQUETTERIE,CAVANI,97600,MAMOUDZOU,France,47.11B
DOUKA BE POROANI,02404912400381,FR45024049124,QUARTIER MAGNASSINI,POROANI SUR LA PARCELLE AC 41,97620,CHIRONGUI,France,47.11B
DOUKA BE KAWENI,02404912400407,FR45024049124,ROUTE NATIONALE 1,KAWENI,97600,MAMOUDZOU,France,47.11C
DOUKA BE MTSAHARA,02404912400431,FR45024049124,1038 RTE NATIONALE,MTSAHARA,97630,MTSAMBORO,France,47.11C
DOUKA BE MTSANGAMOUJI,02404912400449,FR45024049124,2 RUE MCOLO MAINTY,,97650,M'TSANGAMOUJI,France,47.11C
DOUKA BE KAHANI,02404912400456,FR45024049124,AVENUE MKARAFOUNI,KAHANI PARCELLE AT 142,97670,OUANGANI,France,47.11C
FLEUR D'OR,02404946200021,FR89024049462,15 RUE DU DISPENSAIRE,LABATTOIR,97615,DZAOUDZI,France,32.12Z
MME AHMEDOMAR,02405025400028,FR40024050254,138 ROUTE DES BADAMIERS,LABATTOIR,97615,DZAOUDZI,France,47.71Z
SOPHA COIFFURE,02405037900023,FR27024050379,55 RLE MNADZI MOJA,,97600,MAMOUDZOU,France,96.02A
ENTREPRISE GENERALE,02405048600018,FR57024050486,2 VEN ISSA AMISSI,CHICONI,97670,CHICONI,France,41.20A
ANTOU BOUTIQUE,02405083300029,FR31024050833,RTE NATIONALE TAHITI PLAGE,MTSAGNOUGNI,97640,SADA,France,45.32Z
SOPREMA,02405111200019,FR92024051112,RTE NATIONALE,TSARARANO,97660,DEMBENI,France,43.22A
JO LE TAXI,02405115300021,FR21024051153,RUE ABDALLAH TOILIBOU,SADA,97640,SADA,France,47.78C
MLEZI,02405117900026,FR02024051179,7 MAJIKAVO KOROPA,MAJICAVO KOROPA,97600,KOUNGOU,France,47.11B
L'ENFANT NOIR,02405142700011,FR67024051427,111 ROUTE DE SOHOA,CHICONI,97670,CHICONI,France,49.32Z
E.E.C.F,02405193000030,FR24024051930,2 RUE TAHITI BAHONI,PAMANDZI,97615,PAMANDZI,France,43.21A
SOLDYS,02405205200016,FR02024052052,24 PL MARIAGE,,97600,MAMOUDZOU,France,47.51Z
SUD MENUISERIE ET BTP,02405244100011,FR05024052441,260 BOULEVARD MARCEL HENRY,MALAMANI,97620,CHIRONGUI,France,43.32A
SUD MENUISERIE ET BTP,02405244100029,FR05024052441,LD MALAMANI,QUARTIER ECOLE PRIMAIRE,97620,CHIRONGUI,France,01.47Z
A2M,02405249000018,FR55024052490,9 RUE HAMACHAKA,MAJICAVO KOROPA,97600,KOUNGOU,France,43.99C
MADI ALI RABIANTI,02405256500017,FR86024052565,3 IMPASSE MADI BEN ALI,,97620,BOUENI,France,47.11B
DECORAMA,02405265600048,FR68024052656,RUE DE LA GRANDE TRAVERSEE,KAWENI LOT 52 NUM 14,97600,MAMOUDZOU,France,47.19B
MAYECHA MEMA,02405267200011,FR19024052672,54 RUE CHEIK ABDOURAHAMAN,QUARTIER RASSI BOLE,97620,BOUENI,France,43.99C
SANDAWANA,02405315900034,FR25024053159,1 IMPASSE DES BANIANS,CHEMIN MARTIN FLACOURT,97438,SAINTE-MARIE,France,68.20B
SANDAWANA,02405315900042,FR25024053159,1 IMPASSE DES BANIANS,CHEMIN MARTIN FLACOURT,97438,SAINTE-MARIE,France,68.20B
TAYAR SERVICE,02405327400015,FR79024053274,RUE NOUVELLE MOSQUEE LOT TSARARANO,TSARARANO,97660,DEMBENI,France,43.39Z
MAYOTTE HYGIENE EXPRESS,02405355500041,FR49024053555,3 IMP SODIFRAM,KAWENI,97600,MAMOUDZOU,France,81.29A
DAILAMI ET FILS,02405358900016,FR54024053589,20 BOULEVARD MASTARA,MZOUAZIA,97620,BOUENI,France,49.32Z
MOIDA CHOP,02405365400018,FR55024053654,RTE DE L'ECOLE CAVANI GNAMBOTITI,,97660,BANDRELE,France,47.11B
ECOLE PRIMAIRE PRIVEE JADESSIANE,02405385200018,FR67024053852,RUE DES BADAMIERS TOTOROSA ABEGA,,97615,PAMANDZI,France,85.20Z
JADESSIANE,02405385200026,FR67024053852,LABATTOIR BOULEVARD DES AMOUREUX,A COTE DE LA MENUISERIE MARWA,97615,PAMANDZI,France,85.20Z
STOI,02405409000030,FR05024054090,16 AVENUE STANISLAS GIMART,,97490,SAINT-DENIS,France,61.90Z
L.E.C LAGON ETANCHEITE COUVERTURE,02405466000022,FR66024054660,MAJICAVO LAMIR,,97600,KOUNGOU,France,43.99A
VANNERIE MAHORAISE,02405476900047,FR05024054769,13 RUE DE LA CARRIERE,PAMANDZI,97615,PAMANDZI,France,16.29Z
JUSTE A COTE,02405478500027,FR53024054785,11 AV MCHINDRA SAID,,97600,MAMOUDZOU,France,47.11C
ENTREPRISE GOULAMHOUSSEN FIDAHOUSSEN,02405498300010,FR65024054983,6 LOT MANGAFOUTE,,97615,PAMANDZI,France,43.99C
MAGASIN ANTU,02405506300010,FR14024055063,8 RUE SACO,LABATTOIR,97615,DZAOUDZI,France,47.11B
AL MAANROUF,02405512100016,FR91024055121,17 RUE CHANDZA BOLE,,97600,MAMOUDZOU,France,49.41B
KALO,02405535200033,FR08024055352,ROUTE NATIONALE 1,KAWENI,97600,MAMOUDZOU,France,47.54Z
ALTITUDE,02405552700022,FR48024055527,HONGOJOU,,97660,DEMBENI,France,01.22Z
MBINGA BOIS,02405651700022,FR11024056517,TSINGONI,,97680,TSINGONI,France,43.32A
KASSIMEX,02405693900010,FR16024056939,2 RUE MGOMBANI,MAMOUDZOU,97600,MAMOUDZOU,France,46.90Z
BANGA PIECES AUTO,02405714300034,FR46024057143,4 RUE HACHENOI DERRIERE SODIFRAM,,97680,TSINGONI,France,45.32Z
CHAMSIDINE AHAMEDI OILI,02405714300042,FR46024057143,43 BOULEVARD DES AMOUREUX,LABATTOIR,97615,DZAOUDZI,France,45.32Z
DJAMBO MACONNERIE,02405742400038,FR16024057424,4 CHEMIN DU JACQUIER,DEMEBENI,97660,DEMBENI,France,43.99C
CONSEIL ET AUDIT MAYOTTE OCEAN INDIEN,02405757200034,FR72024057572,4 RUE DU COMMERCE,COMBANI,97680,TSINGONI,France,69.20Z
EUROPE SOL,02405759800013,FR53024057598,5 CHEMIN BAHEDJA TSONTSO,HAMJAGO,97630,MTSAMBORO,France,41.20A
INTERSPORT,02405765500037,FR30024057655,25 AVENUE MARTIN LUTHER KING,BAT. HATHIA - 1ER ETAGE ZI KAWENI,97600,MAMOUDZOU,France,47.64Z
PLOMBERIE ABDOURAHAMANE,02405768900010,FR35024057689,1066 RUE DU SOUVENIR,BANDRABOUA,97650,BANDRABOUA,France,43.22A
GARAGE BEMRANDRA,02405777000026,FR84024057770,9 RUE OUSSENI BARDY,TREVANI,97600,KOUNGOU,France,45.20A
BET I.A.C.,02405783800021,FR94024057838,45 RUE DE LA MAIRIE,,97660,DEMBENI,France,71.12B
PLOMBERIE SANITAIRE 2000,02405800000019,FR95024058000,94 DZOUMOGNE,,97650,BANDRABOUA,France,43.22A
TRANSMECA,02405811700037,FR58024058117,144 RUE CAVANI,VAHIBE,97600,MAMOUDZOU,France,38.31Z
ENTREPRISE MOUSSA MCOLO ABACHIA,02405814100011,FR33024058141,340 BOULEVARD ABDALLAH HOUMADI,MTSAMOUDOU,97660,BANDRELE,France,43.99C
KOTRI,02405831500029,FR70024058315,9 MAJICAVO LAMIR,,97600,KOUNGOU,France,43.32A
FAZM,02405832300023,FR94024058323,11 RUE INTERCOMMUNALE,PAMANDZI,97615,PAMANDZI,France,49.32Z
LA GOUNTOUNE,02405858800021,FR16024058588,14 RUE DU LYCEE,,97615,PAMANDZI,France,56.10C
P.A.S.M,02405861200011,FR88024058612,1200 AVENUE DU COLLEGE,CHICONI,97670,CHICONI,France,43.99C
MENUISERIE MZE FILS,02405867900010,FR95024058679,27 ROUTE DE COCONI,COMBANI,97680,TSINGONI,France,16.23Z
MOINECHA TRANSPORT,02405873700016,FR75024058737,13 RUE CHEHOULILAH,MAJICAVO KOROPA BANDRAJOU,97600,KOUNGOU,France,49.32Z
VRD SOULAIMANA FILS,02405890100026,FR82024058901,226 RUE DE L’HOTEL DE VILLE,BANDRABOUA,97650,BANDRABOUA,France,43.99C
LE CARONI SERVICE TAXI,02405891900010,FR39024058919,6 QUARTIER CAVANI LA ROSE,KANI KELI,97625,KANI-KELI,France,49.32Z
CARONI TRANSPORT,02405894300036,FR14024058943,105 RUE HENRY JEAN-BAPTISTE,TSIMKOURA,97620,CHIRONGUI,France,49.32Z
BANGA DALLAS,02405915600026,FR71024059156,24 RUE DU COMMERCE,,97600,MAMOUDZOU,France,47.82Z
MAHAVAVY,02405931300031,FR57024059313,43 CHEMIN ROLAND GARROS,MONT VERT LES BAS,97410,SAINT-PIERRE,France,47.21Z
LE SNACK DU CENTRE,02405964400013,FR80024059644,12 RUE DE L'HOTEL DE VILLE,LABATTOIR,97615,DZAOUDZI,France,56.10C
ENTREPRISE TSARA,02405995800017,FR52024059958,515 RTE NATIONALE 1,HAMJAGO,97630,MTSAMBORO,France,49.32Z
OUVOIMOJA PAPA,02406033700029,FR25024060337,RTE NATIONALE KOUTROUZAHARI,,97640,SADA,France,47.52A
ALI ABDALLAH FER,02406137600026,FR38024061376,1 RUE RIVIERE,QUARTIER MRONI TZOUNDZOU 2,97600,MAMOUDZOU,France,43.32B
C.B.G.M,02406144200026,FR42024061442,2 RLE M'KADARA,MTSAPERE,97600,MAMOUDZOU,France,43.99C
LUMIERE DE MAYOTTE,02406159000048,FR01024061590,7 RUE ZALIFA VOY,MRONABEJA,97625,KANI-KELI,France,41.20B
ZENA BOUTIQUE,02406194700040,FR05024061947,7 LOT 21 LES JARDINS CREOLES,,97600,MAMOUDZOU,France,47.78C
TRANSPORT AIDJO CHIRONGUI,02406196200015,FR50024061962,250 AVENUE SAID VITTA,CHIRONGUI,97620,CHIRONGUI,France,49.32Z
MAYOTTE HEBDO,02406197000018,FR74024061970,7 RUE SALAMANI CAVANI,,97600,MAMOUDZOU,France,58.13Z
ALLAOUI TRANSPORT,02406237400012,FR25024062374,15 RUE CAROBOINA,KOUNGOU,97600,KOUNGOU,France,49.32Z
JICO TRANSPORT,02406238200015,FR49024062382,92 RUE SAID FATIMA,CAMICASE,97640,SADA,France,49.32Z
JBC,02406277000045,FR49024062770,12 RUE RAYMOND MONDON,RES FLEURS APT 5,97419,LA POSSESSION,France,47.91B
PAPILLON D'OR,02406320800011,FR05024063208,3 CHEMIN DE L'EMBARCADERE,MOINATRINDRI QUA BANDARIJOU,97620,BOUENI,France,32.12Z
PAPILLON D'OR,02406320800037,FR05024063208,65 RUE DE LA POMPE,MAMOUDZOU,97600,MAMOUDZOU,France,47.29Z
MAGASIN FANTAISIA,02406359600027,FR05024063596,26 RUE DU COMMERCE,MAJICAVO KOROPA,97600,KOUNGOU,France,47.19B
LADA RESTAURANT,02406371100022,FR59024063711,84 ROUTE NATIONALE 1,KAWENI,97600,MAMOUDZOU,France,56.10C
BOULANGERIE MAMIE,02406371100048,FR59024063711,86 ROUTE NATIONALE,KAWENI,97600,MAMOUDZOU,France,10.71C
TSARADIA TAXI ET TRANSPORT,02406418000011,FR11024064180,40 CHEMIN ATELIER ADINANI,CHICONI,97670,CHICONI,France,49.32Z
LA PLANETE LA TELEVISION PAR SATELLITE,02406474300024,FR51024064743,60 CHE DEPARTEMENTALE N 5,MTSAGNOUGNI,97640,SADA,France,43.21A
TOY RESTAURANT,02406482600027,FR09024064826,17 RUE MZE MATTOIR,MBOUANATSA,97620,BOUENI,France,56.21Z
E.C.P.P.,02406496600013,FR41024064966,QUA MTSANGAMTITI,,97640,SADA,France,43.99C
EPICERIE NAFASSI,02406496600021,FR41024064966,RUE DE L’ARTISANAT,,97640,SADA,France,47.11B
ROYAL EUROS,02406500500019,FR61024065005,4 RUE DU CIMETIERE,POROANI LOT 03,97620,CHIRONGUI,France,47.11B
DOUKA PRO,02406528600023,FR31024065286,NUM 5 CENTRE AMATOULA,KAWENI,97600,MAMOUDZOU,France,46.19B
FOTOKABINE MAYOTTE,02406528600056,FR31024065286,21 CENTRE AMATOULA,KAWENI 1 ER ETAGE,97600,MAMOUDZOU,France,96.09Z
EURO PNEUMATIQUE,02406577300012,FR37024065773,1875 ROUTE NATIONALE 2,TSOUNDZOU 2,97600,MAMOUDZOU,France,45.20A
OUZOURI ET LOCATION,02406628400019,FR18024066284,13 LABATTOIR,,97615,DZAOUDZI,France,77.29Z
SNC MCBTP,02406684700013,FR58024066847,7 RUE SOWETO CAVANI,,97600,MAMOUDZOU,France,41.20B
DEM.O.I,02406735700012,FR36024067357,ZI KAWENI,,97600,MAMOUDZOU,France,52.29B
ENTREPRISE M.R.C,02406739900014,FR65024067399,8 CHEMIN FATIMA BAMZE,MLIMANI BAS,97640,SADA,France,43.99C
100.000 CHAUSSURES,02406747200019,FR90024067472,10 RUE DU COMMERCE,,97600,MAMOUDZOU,France,47.72A
100.000 CHAUSSURES,02406747200027,FR90024067472,CENTRE CCIAL LUKIDA,CENTRE COM. LUKIDA MAJICAVO LAMIR KOUN,97600,KOUNGOU,France,47.72A
COOL VOYAGES,02406785200012,FR66024067852,17 PL MARIAGE,,97600,MAMOUDZOU,France,79.11Z
LOULOU BEAUTE,02406830600018,FR70024068306,19 RUE DU COMMERCE,MAMOUDZOU,97600,MAMOUDZOU,France,47.71Z
O'LOLO,02406846200027,FR53024068462,PLAGE DE SAKOULI,,97660,BANDRELE,France,55.10Z
HODARI SERVICES,02406849600025,FR58024068496,RUE M'COBA,TSARARANO,97660,DEMBENI,France,43.99C
MADO PARFUMS,02406877700010,FR28024068777,MAJICAVO LAMIR,,97600,KOUNGOU,France,47.75Z
MADORA,02406877700036,FR28024068777,RUE DU STADE,CAVANI,97600,MAMOUDZOU,France,47.75Z
MADORA,02406877700044,FR28024068777,15 LABATTOIR,,97615,DZAOUDZI,France,47.75Z
E-VOYAGE COMORES AVIATION INTERNATIONAL,02406891800028,FR63024068918,130 BOULEVARD DIDEROT,,75012,PARIS,France,51.10Z
MAYOTTE PIECES AUTO,02406911400023,FR69024069114,10 ZONE I NEL,KAWENI,97600,MAMOUDZOU,France,45.32Z
B.P,02406911400031,FR69024069114,11 CITE ARTISANALE,,97412,BRAS-PANON,France,45.32Z
SHANNA,02406916300020,FR22024069163,7 RUE DARSALAMA,CAVANI,97600,MAMOUDZOU,France,47.71Z
MSP MAYOTTE SUPER PIECES,02406925400027,FR04024069254,QUARTIER MJIHARI,,97630,ACOUA,France,45.32Z
MANONGA LAZA,02406934600013,FR86024069346,RUE GNAMBOTITI,QUA NIAMBOTITI,97660,BANDRELE,France,47.11B
CENTRE ALIMENTAIRE YOUSSOUF FILS,02406977500013,FR15024069775,24 RUE DES REFUGIES,LABATTOIR,97615,DZAOUDZI,France,47.11B
DOUKA NAMOHAKO,02406985800025,FR70024069858,25 MAJIKAVO KOROPA,MAJICAVO KOROPA,97600,KOUNGOU,France,47.11B
ESPACE MEUBLE,02407016100021,FR09024070161,AVENUE DE L'ARCHIPEL ZI KAWENI,,97600,MAMOUDZOU,France,47.19B
ALIWALA,02407016100039,FR09024070161,26 RUE DU COMMERCE,,97600,MAMOUDZOU,France,47.78C
E.C.E ENTREPRISE CARREAUX ET ENTRETIEN,02407034400023,FR73024070344,3 RUE MANENO BANDARSALAMA,KOUNGOU,97600,KOUNGOU,France,43.33Z
A.CHAMSI,02407044300023,FR79024070443,23 RUE DE LA CARRIERE,DOUJANI MTSAPERE,97600,MAMOUDZOU,France,49.32Z
LE MASSALA,02407085600034,FR57024070856,70 ROUTE NATIONALE 2,KAWENI,97600,MAMOUDZOU,France,10.84Z
ENTREPRISE ASSANI ALI,02407098900025,FR68024070989,CIMETIERE MANDZARISOA,MTSAPERE BOC 11 BOITE 40,97600,MAMOUDZOU,France,43.99C
PLANET'CHAUSS,02407118500011,FR74024071185,CENTRE COMMERCIAL LUKIDA BOUT.28,,97600,MAMOUDZOU,France,47.72A
CADRES EN FOLIE,02407148200038,FR92024071482,14 RUE MAMAWE,MAMOUDZOU,97600,MAMOUDZOU,France,32.99Z
SFR,02407217500029,FR37024072175,ZI KAWENI,KAWENI,97600,MAMOUDZOU,France,47.78C
SFR,02407217500094,FR37024072175,ROUTE DE COCONI,COMBANI,97680,TSINGONI,France,47.42Z
SFR MAYOTTE,02407217500110,FR37024072175,175 RUE SAID VITTA,,97620,CHIRONGUI,France,47.42Z
SFR,02407217500128,FR37024072175,RTE COCONI - VILLAGE DE COMBANI,CENTRE COMMERCIAL YLANG YLANG - LOT 8,97680,TSINGONI,France,47.42Z
SALAMA TSARA,02407223300018,FR17024072233,39 RUE TSINGO NDRILE,CHOUNGUI,97625,KANI-KELI,France,47.11B
FITIYAVAGNA,02407250600017,FR60024072506,20 ROUTE AMPADZA,CHICONI,97670,CHICONI,France,49.41B
INVEST OI,02407286000034,FR55024072860,5 RUE MARIE CAZE,,97438,SAINTE-MARIE,France,68.20B
ENTREPRISE CASSAN THIERRY,02407296900025,FR91024072969,LOT FOURAHANI,TSARARNO,97660,DEMBENI,France,43.21B
QUNCAILLERIE BOURHANI,02407338900025,FR90024073389,BOULEVARD HALIDI SELEMANI,,97600,MAMOUDZOU,France,47.52A
YLANG VOYAGES,02407345400027,FR91024073454,20 PL DU MARIAGE,,97600,MAMOUDZOU,France,79.11Z
MAGAZIN BOILOLO,02407363700019,FR58024073637,19 RUE MKIRI WAGUIZI -MTSAPERE,MTSAPERE,97600,MAMOUDZOU,France,47.11B
BARAKA DJEMA,02407389200010,FR47024073892,10 RUE MASSIMONI,MAJICAVO KOROPA,97600,KOUNGOU,France,43.99C
PHILIBERT,02407410600014,FR10024074106,QUARTIER MANGA BE,CHICONI,97670,CHICONI,France,41.20B
ESPACE ARTISANAL,02407411400026,FR34024074114,85 ROUTE NATIONALE 2,MTSAPERE,97600,MAMOUDZOU,France,47.78C
CENTRE INTERNATIONALE D'OPPORTUNITES D'AFFAIRES,02407501200039,FR12024075012,QUARTIER DOMOELI,IMM SOTRABA,97640,SADA,France,70.22Z
ELECTRO PLUS,02407505300017,FR38024075053,212 AVENUE FRANCOIS MITTERRAND,DZOUMOGNE,97650,BANDRABOUA,France,43.21A
3A MAYOTTE,02407516000028,FR68024075160,BATIMENT ARCHIPEL,ZI KAWENI,97600,MAMOUDZOU,France,69.20Z
FRANCK PC INFORMATIQUE,02407520200028,FR00024075202,QUARTIER MSAKOUANI PRES DE HERVE,PASSAMAINTI,97600,MAMOUDZOU,France,47.41Z
FRANCK PC EVENEMENTIEL,02407520200051,FR00024075202,RES BELLEVUE,MTSAPERE,97600,MAMOUDZOU,France,93.29Z
MORA MORA,02407520200069,FR00024075202,16 RUE MAEVANTANA,MTSAPERE,97600,MAMOUDZOU,France,55.20Z
ENTREPRISE MOHAMED,02407532700015,FR84024075327,18 RUE MANGARETTA,KOUNGOU,97600,KOUNGOU,France,33.20A
PIRBAY,02407551700037,FR72024075517,4 AVENUE DE CORBERA,,75012,PARIS,France,47.79Z
MAYOTTE ULM,02407554100011,FR47024075541,AEROPORT DE PAMANDZI,,97615,PAMANDZI,France,85.53Z
SOULA FILS,02407556600018,FR25024075566,QUA CAVANI BE,OUANGANI,97670,OUANGANI,France,38.12Z
LEBTRONIC,02407563200018,FR29024075632,ZI KAWENI,,97600,MAMOUDZOU,France,46.69A
ECAH,02407591300020,FR96024075913,RTE NATIONALE 2,IRONI BE,97660,DEMBENI,France,41.20B
E.B.E,02407597000020,FR73024075970,MAJICAVO LAMIR,,97600,KOUNGOU,France,41.20B
EQUANS,02407610100047,FR78024076101,49 RUE LOUIS BLANC,49-51,92400,COURBEVOIE,France,43.22B
SERVICE RAPIDE,02407634100023,FR22024076341,21 RUE MOSQUEE DOUJANI 1,MTSAPERE,97600,MAMOUDZOU,France,43.22B
TOLES DE MAYOTTE,02407645700027,FR79024076457,VALLEE III,LONGONI,97600,KOUNGOU,France,24.33Z
SAF COIFFURE,02407648100019,FR54024076481,19 BOULEVARD SALAMA,MAJICAVO LAMIR,97600,KOUNGOU,France,96.02A
BOUTIQUE MAANCHOUK,02407699400011,FR41024076994,PASSAMAINTY,PASSAMAINTI,97600,MAMOUDZOU,France,47.11B
ISMAILA FILS,02407740600023,FR16024077406,9 RUE DECASE 4EME TRANCHE,,97615,PAMANDZI,France,33.20A
SUPER-MAEVA,02407755400012,FR72024077554,RTE NATIONALE -MRAMADOUDOU,,97620,CHIRONGUI,France,47.11B
DODJI BOIS,02407760400015,FR28024077604,36 RUE MAOULI,QUARTIER HAMOINAMANGUA,97620,BOUENI,France,16.23Z
ISIJIVA,02407776000015,FR11024077760,13 RUE MANDZARISOA CAVANI,,97600,MAMOUDZOU,France,56.10A
TECHNIC AUTO,02407821400020,FR15024078214,1891 ROUTE NATIONALE 2,TSOUNDZOU 2,97600,MAMOUDZOU,France,95.29Z
MAX EXPRESS,02407822200015,FR39024078222,30 RUE TERRAIN DE FOOT,KOUNGOU,97600,KOUNGOU,France,43.99C
MAYOTTE PNEUS,02407830500018,FR94024078305,MAJICAVO LAMIR,,97600,KOUNGOU,France,45.32Z
YASSINI DEVELOPPEMENT,02407831300020,FR21024078313,5 RUE ESC M'KIRI WA MAGARANDO,VAHIBE,97600,MAMOUDZOU,France,47.78C
A.T.S,02407839600041,FR76024078396,85 RUE YOUNOUSSA BAMANA,COMOJOU,97640,SADA,France,49.32Z
MCTP LA MAHORAISE DE TRAVAUX PUBLICS ASSAINISSEMENT & EAU POTABLE,02407860200026,FR15024078602,COMBANI,,97680,TSINGONI,France,43.12A
EMPC2A(ENTREPRISE MAHORAIS DE PRODUCTION DE CONSTRUCTION D'AMENAGEMENT ET D'ASSAINISSEMENT),02407882600013,FR08024078826,212 DZOUMOGNE,,97650,BANDRABOUA,France,41.20B
RESTO'VITE,02407910500029,FR69024079105,43 RUE DU CINEMA,,97600,MAMOUDZOU,France,56.21Z
I.E.S.B.G.M,02407914700039,FR01024079147,5 RUE BENAZI,MAJICAVO LAMIR,97600,KOUNGOU,France,49.32Z
MACONNERIE 2003,02407957600021,FR27024079576,4 RUE MECHANT,KOUNGOU,97600,KOUNGOU,France,43.99C
HYPERDISCOUNT,02407969100010,FR81024079691,BP 70,ZI KAWENI,97600,MAMOUDZOU,France,47.11D
SUPER MARCHE BAOBAB,02407969100069,FR81024079691,RUE DU STADE DE CAVANI,ROND POINT BAOBAB,97600,MAMOUDZOU,France,47.11D
DOUKA BARAKA,02408055800018,FR63024080558,4 RUELLE SOUMAILA KANDZOU,BARAKANI,97670,OUANGANI,France,46.41Z
DAMANE,02408076400012,FR02024080764,KAWLE DEVANT LA RIVIERE,TSOUNDZOU 1,97600,MAMOUDZOU,France,49.32Z
MENUISERIE A LA FRANCAISE,02408080600011,FR31024080806,561 AVENUE DU COLLEGE,CHICONI,97670,CHICONI,France,43.32A
MOURIDI SHOP,02408083000011,FR06024080830,27 RUE SALAMANI,VAHIBE,97600,MAMOUDZOU,France,49.32Z
MAGASIN MZE,02408139000023,FR37024081390,CHEMIN MZE,QUA KAVANI SOHOA,97670,CHICONI,France,47.11B
CONSTRUCTION 2003,02408147300019,FR92024081473,1 ESCALIER KWALE DZIDZANO,VAHIBE,97600,MAMOUDZOU,France,43.99C
TRANSIT SOUFOU FILS,02408171300034,FR36024081713,31 RUE MONTHYON,APT 12 ENSEMBLE CLOS D'AIME,97400,SAINT-DENIS,France,52.29B
HAGAWA,02408196000056,FR01024081960,13 RUE DE PARADIS,,97630,MTSAMBORO,France,01.50Z
TSARA,02408209100018,FR06024082091,PL DU MARCHE BOX R 03,,97600,MAMOUDZOU,France,47.89Z
KAMA. ELEC.976,02408218200023,FR85024082182,97 RUE MOUSSA OILLI,TSARARANO,97660,DEMBENI,France,43.21A
EQUIP'AUTO,02408219000018,FR12024082190,ZI KAWENI,,97600,MAMOUDZOU,France,45.32Z
ENTREPRISE MICHEL AHMED,02408232300015,FR23024082323,RTE NATIONALE,QUARTIER MJIMBANI MZOUAZIA,97620,BOUENI,France,43.34Z
MAORE MOTOS,02408236400027,FR49024082364,260 RUE CHEICK AHMED-SOILIHI,DOUJANI MTSAPERE,97600,MAMOUDZOU,France,45.40Z
"APPRENDRE, CONSTRUIRE ENSEMBLE",02408240600034,FR78024082406,ESPACE CORALIUM BAT A,RN1 KAWENI,97600,MAMOUDZOU,France,85.59B
PIZZERIA LE DJEMBE,02408254700027,FR16024082547,RTE NATIONALE APRES LE PONT,,97660,BANDRELE,France,10.71C
AMENAGEMENTS SUPPER LUX (A.S.L),02408267900010,FR24024082679,15 CHE ANGELINE,MAJICAVO KOROPA BANDRAJOU,97600,KOUNGOU,France,43.99C
AMENAGEMENTS SUPPER LUX (A.S.L),02408267900028,FR24024082679,3 RUE DU COMMERCE,MAJICAVO KOROPA,97600,KOUNGOU,France,43.21A
MAGASIN SUPPER LUX,02408267900044,FR24024082679,19 KANGANI,KANGANI,97600,KOUNGOU,France,49.32Z
E.T.S. MAYOTTE,02408313100011,FR22024083131,RUE DE LA CASERNE,C/O AOIM,97600,MAMOUDZOU,France,71.12B
L'AUBERGE DU ROND POINT,02408332100026,FR10024083321,3 RUE DU COMMERCE,,97600,MAMOUDZOU,France,56.10A
MARIZIKI MEMA,02408373500019,FR88024083735,QUA MBOUYOUJOU,,97680,TSINGONI,France,47.11B
S.E.V FILS,02408380000011,FR89024083800,25 RUE DU COMMERCE,MAJICAVO KOROPA,97600,KOUNGOU,France,47.71Z
NEMAT MARKET,02408395800025,FR78024083958,1 CHEMIN DU SOLEIL,MAJICAVO KOROPA,97600,KOUNGOU,France,47.11B
SANDANI RAMLATI,02408407100034,FR29024084071,SOULOU ET BANDRADZIA,,97650,M'TSANGAMOUJI,France,01.22Z
EUROPCAR,02408440200015,FR52024084402,ZI KAWENI,C/O SOMIVA,97600,MAMOUDZOU,France,77.11A
T.P.M ALILOIFFA,02408452700043,FR39024084527,RUE D'AMBOISE,ZAC HAMAHA - RES NYORA APPT 21 BAT B,97600,MAMOUDZOU,France,49.32Z
BOULANGERIE DE COMBANI,02408459200021,FR40024084592,25 RUE RETENUE COLINAIRE,COMBANI,97680,TSINGONI,France,10.71C
SAINDOU SHOP,02408460000022,FR64024084600,22 RUE ABDOU MOUSSA,,97620,BOUENI,France,47.11B
AIRE DE REPOS,02408467500016,FR95024084675,966 RTE NATIONALE,M'TSAHARA,97630,MTSAMBORO,France,47.11B
ENTREPRISE OUASSI,02408494900023,FR44024084949,QUA NAIROBI,MTSANGAMBOUA,97650,BANDRABOUA,France,47.52A
PELETEAU,02408507800012,FR43024085078,14 RUE ABDOUL ANZIZ,M'TSAHARA,97630,MTSAMBORO,France,47.11B
BUS' ENTREPRISE,02408512800015,FR96024085128,RUE MOSQUEE DE VENDREDI,DEMBENI,97660,DEMBENI,France,47.11B
MIDAS,02408516900019,FR25024085169,ZI KAWENI,,97600,MAMOUDZOU,France,45.20A
LES FILS SORNOM,02408551600029,FR96024085516,49 RUE DE LA CITE DOUJANI 2,MTSAPERE,97600,MAMOUDZOU,France,43.34Z
BOULANGERIE MASSULAHA,02408566400050,FR55024085664,43 RUE MAEVANTANA,,97600,MAMOUDZOU,France,10.71C
SALAMA DJEMA,02408583900025,FR95024085839,3 RUE ABDOU MOUSSA,QUARTIER HAMOINAMANGA,97620,BOUENI,France,47.11B
ABI SHOP,02408586200035,FR67024085862,149 RUE LORY LES BAS,STE CLOTILDE,97490,SAINT-DENIS,France,47.71Z
ENTREPRISE DE MACONNERIE ET TRAVAUX PUBLICS (EMTP),02408591200038,FR23024085912,2 RUE TAVANDAY,,97600,MAMOUDZOU,France,43.99C
MR.BRICOLAGE,02408595300016,FR49024085953,RTE SPPM,ZI DOM.DE CANANGA,97600,MAMOUDZOU,France,47.52B
